{
  "bicubic_downsample_640": {
    "baseline": {
      "detection_accuracy": 0.8266666666666665,
      "mAP": 0.8066666666666665,
      "precision": 0.8266666666666665,
      "recall": 0.87,
      "psnr": Infinity,
      "ssim": 1.0
    },
    "upscale_only": {
      "detection_accuracy": 0.8266666666666665,
      "mAP": 0.8066666666666665,
      "precision": 0.8266666666666665,
      "recall": 0.87,
      "psnr": Infinity,
      "ssim": 1.0
    },
    "autoencoder": {
      "detection_accuracy": 0.8266666666666665,
      "mAP": 0.8066666666666665,
      "precision": 0.8266666666666665,
      "recall": 0.87,
      "psnr": Infinity,
      "ssim": 1.0
    }
  },
  "bicubic_downsample_480": {
    "baseline": {
      "detection_accuracy": 0.8233333333333335,
      "mAP": 0.8016666666666665,
      "precision": 0.8233333333333335,
      "recall": 0.835,
      "psnr": 33.42688332087479,
      "ssim": 0.9617342813485317
    },
    "upscale_only": {
      "detection_accuracy": 0.8283333333333335,
      "mAP": 0.8066666666666665,
      "precision": 0.8283333333333335,
      "recall": 0.845,
      "psnr": 35.63136625668471,
      "ssim": 0.975283060057094
    },
    "autoencoder": {
      "detection_accuracy": 0.8283333333333335,
      "mAP": 0.8066666666666665,
      "precision": 0.8283333333333335,
      "recall": 0.845,
      "psnr": 35.63136625668471,
      "ssim": 0.975283060057094
    }
  },
  "bicubic_downsample_320": {
    "baseline": {
      "detection_accuracy": 0.8466666666666666,
      "mAP": 0.8233333333333333,
      "precision": 0.8466666666666666,
      "recall": 0.8366666666666666,
      "psnr": 30.239134163332114,
      "ssim": 0.9206333063294975
    },
    "upscale_only": {
      "detection_accuracy": 0.825,
      "mAP": 0.8016666666666665,
      "precision": 0.825,
      "recall": 0.8366666666666666,
      "psnr": 31.847384254923824,
      "ssim": 0.9401715208823969
    },
    "autoencoder": {
      "detection_accuracy": 0.825,
      "mAP": 0.8016666666666665,
      "precision": 0.825,
      "recall": 0.8366666666666666,
      "psnr": 31.847384254923824,
      "ssim": 0.9401715208823969
    }
  },
  "bicubic_downsample_240": {
    "baseline": {
      "detection_accuracy": 0.82,
      "mAP": 0.8083333333333332,
      "precision": 0.82,
      "recall": 0.8283333333333333,
      "psnr": 27.941457215939554,
      "ssim": 0.8738320828337706
    },
    "upscale_only": {
      "detection_accuracy": 0.815,
      "mAP": 0.8033333333333332,
      "precision": 0.815,
      "recall": 0.8183333333333332,
      "psnr": 29.18326444853382,
      "ssim": 0.895418212989616
    },
    "autoencoder": {
      "detection_accuracy": 0.815,
      "mAP": 0.8033333333333332,
      "precision": 0.815,
      "recall": 0.8183333333333332,
      "psnr": 29.18326444853382,
      "ssim": 0.895418212989616
    }
  },
  "bicubic_downsample_160": {
    "baseline": {
      "detection_accuracy": 0.77,
      "mAP": 0.765,
      "precision": 0.77,
      "recall": 0.775,
      "psnr": 25.427997651102046,
      "ssim": 0.800799065532715
    },
    "upscale_only": {
      "detection_accuracy": 0.785,
      "mAP": 0.775,
      "precision": 0.785,
      "recall": 0.79,
      "psnr": 26.279071075066522,
      "ssim": 0.8192419679578704
    },
    "autoencoder": {
      "detection_accuracy": 0.785,
      "mAP": 0.775,
      "precision": 0.785,
      "recall": 0.79,
      "psnr": 26.279071075066522,
      "ssim": 0.8192419679578704
    }
  },
  "bicubic_downsample_80": {
    "baseline": {
      "detection_accuracy": 0.67,
      "mAP": 0.665,
      "precision": 0.67,
      "recall": 0.665,
      "psnr": 22.011877349301905,
      "ssim": 0.6816616254467401
    },
    "upscale_only": {
      "detection_accuracy": 0.69,
      "mAP": 0.685,
      "precision": 0.69,
      "recall": 0.685,
      "psnr": 22.518545029303244,
      "ssim": 0.688097535014653
    },
    "autoencoder": {
      "detection_accuracy": 0.69,
      "mAP": 0.685,
      "precision": 0.69,
      "recall": 0.685,
      "psnr": 22.518545029303244,
      "ssim": 0.688097535014653
    }
  },
  "bicubic_downsample_40": {
    "baseline": {
      "detection_accuracy": 0.16,
      "mAP": 0.16,
      "precision": 0.16,
      "recall": 0.16,
      "psnr": 19.496454845388886,
      "ssim": 0.6146166155110867
    },
    "upscale_only": {
      "detection_accuracy": 0.19,
      "mAP": 0.19,
      "precision": 0.19,
      "recall": 0.19,
      "psnr": 19.882788524212845,
      "ssim": 0.6169662721881843
    },
    "autoencoder": {
      "detection_accuracy": 0.19,
      "mAP": 0.19,
      "precision": 0.19,
      "recall": 0.19,
      "psnr": 19.882788524212845,
      "ssim": 0.6169662721881843
    }
  },
  "gaussian_blur_640": {
    "baseline": {
      "detection_accuracy": 0.8266666666666665,
      "mAP": 0.8066666666666665,
      "precision": 0.8266666666666665,
      "recall": 0.87,
      "psnr": Infinity,
      "ssim": 1.0
    },
    "upscale_only": {
      "detection_accuracy": 0.8266666666666665,
      "mAP": 0.8066666666666665,
      "precision": 0.8266666666666665,
      "recall": 0.87,
      "psnr": Infinity,
      "ssim": 1.0
    },
    "autoencoder": {
      "detection_accuracy": 0.8266666666666665,
      "mAP": 0.8066666666666665,
      "precision": 0.8266666666666665,
      "recall": 0.87,
      "psnr": Infinity,
      "ssim": 1.0
    }
  },
  "gaussian_blur_480": {
    "baseline": {
      "detection_accuracy": 0.825,
      "mAP": 0.8133333333333332,
      "precision": 0.825,
      "recall": 0.8283333333333333,
      "psnr": 29.301680896152263,
      "ssim": 0.902742435685271
    },
    "upscale_only": {
      "detection_accuracy": 0.825,
      "mAP": 0.8133333333333332,
      "precision": 0.825,
      "recall": 0.8283333333333333,
      "psnr": 29.301680896152263,
      "ssim": 0.902742435685271
    },
    "autoencoder": {
      "detection_accuracy": 0.825,
      "mAP": 0.8133333333333332,
      "precision": 0.825,
      "recall": 0.8283333333333333,
      "psnr": 29.301680896152263,
      "ssim": 0.902742435685271
    }
  },
  "gaussian_blur_320": {
    "baseline": {
      "detection_accuracy": 0.79,
      "mAP": 0.78,
      "precision": 0.79,
      "recall": 0.8,
      "psnr": 26.59361022404016,
      "ssim": 0.8351062108196194
    },
    "upscale_only": {
      "detection_accuracy": 0.79,
      "mAP": 0.78,
      "precision": 0.79,
      "recall": 0.8,
      "psnr": 26.59361022404016,
      "ssim": 0.8351062108196194
    },
    "autoencoder": {
      "detection_accuracy": 0.79,
      "mAP": 0.78,
      "precision": 0.79,
      "recall": 0.8,
      "psnr": 26.59361022404016,
      "ssim": 0.8351062108196194
    }
  },
  "gaussian_blur_240": {
    "baseline": {
      "detection_accuracy": 0.77,
      "mAP": 0.76,
      "precision": 0.77,
      "recall": 0.77,
      "psnr": 24.94641927313455,
      "ssim": 0.7809038299044124
    },
    "upscale_only": {
      "detection_accuracy": 0.77,
      "mAP": 0.76,
      "precision": 0.77,
      "recall": 0.77,
      "psnr": 24.94641927313455,
      "ssim": 0.7809038299044124
    },
    "autoencoder": {
      "detection_accuracy": 0.77,
      "mAP": 0.76,
      "precision": 0.77,
      "recall": 0.77,
      "psnr": 24.94641927313455,
      "ssim": 0.7809038299044124
    }
  },
  "gaussian_blur_160": {
    "baseline": {
      "detection_accuracy": 0.725,
      "mAP": 0.72,
      "precision": 0.725,
      "recall": 0.725,
      "psnr": 23.00113595717279,
      "ssim": 0.7107327068904425
    },
    "upscale_only": {
      "detection_accuracy": 0.725,
      "mAP": 0.72,
      "precision": 0.725,
      "recall": 0.725,
      "psnr": 23.00113595717279,
      "ssim": 0.7107327068904425
    },
    "autoencoder": {
      "detection_accuracy": 0.725,
      "mAP": 0.72,
      "precision": 0.725,
      "recall": 0.725,
      "psnr": 23.00113595717279,
      "ssim": 0.7107327068904425
    }
  },
  "gaussian_blur_80": {
    "baseline": {
      "detection_accuracy": 0.31,
      "mAP": 0.31,